Beach Use,163
Biodiversity,359
Coastal Residents,363
Commercial Fisheries,150
Commercial Shipping,188
Dredging,75
Education,70
NGOs,138
Land Use/Development,225
Oyster Reefs,388
Recreational Fisheries,274
Recreational Boating,213
Sedimentation,338
Stormwater,263
Tidal Wetlands,375
Wastewater,188
Water Quality,692
Wave Power,138
Jobs,183
Local Govt,127
Habitat,342
Food & Fisheries,604
Fishermen,133
Cultch,150
Aquaculture,316
Fish Recruitment & Settlement,150
Nutrient Cycling,100
Oyster Disease,150
Oyster Farmers,84
Oyster Seed,100
Oyster Spat & Settlement,143
Recreational Users,47
State Govt,396
Reef Restoration,262
Restaurants,2
Shoreline Protection,49
