Oyster Farms,492
Restaurant,557
Food & Fisheries,453
Coastal Residents,642
Habitat,353
Local Govt,356
Predators & Pests,262
Jobs,500
Water Quality,487
Disease,200
Biodiversity,195
Researchers,181
Education/Outreach,253
City Govt,159
Seed Stock,150
Nutrient Cycling,243
Spat,138
Fish Recruitment,135
Restoration,281
Recreational Watersheet Users,117
Shell Donation,142
Sedimentation,61
Engineers,125
NGO,32
Oyster Ecosystem Services,225
Coastal Resiliency,175
Industry,150
Regional/State Gov't,150
Community Engagement,138
Local Identity/Reputation/Culture,125
